"Tabela 10295 - Moradores em domicílios particulares permanentes ocupados, exclusive os cuja condição no domicílio era pensionista, empregado(a) doméstico(a) ou parente do(a) empregado(a) doméstico(a), valor do rendimento domiciliar mensal per capita, médio e mediano, por sexo, cor ou raça e grupos de idade"
"Variável - Valor do rendimento nominal médio mensal domiciliar per capita dos moradores em domicílios particulares permanentes ocupados, exclusive os cuja condição no domicílio era pensionista, empregado(a) doméstico(a) ou parente do(a) empregado(a) doméstico(a) (Reais)"
"Cód.","Município","Grupo de idade","Ano x Sexo x Cor ou raça"
"Cód.","Município","Grupo de idade","2022"
"Cód.","Município","Grupo de idade","Total"
"Cód.","Município","Grupo de idade","Total"
"4100103","Abatiá (PR)","Total","1096.83"
"4100202","Adrianópolis (PR)","Total","1182.06"
"4100301","Agudos do Sul (PR)","Total","1296.35"
"4100400","Almirante Tamandaré (PR)","Total","1352.58"
"4100459","Altamira do Paraná (PR)","Total","1382.24"
"4100509","Altônia (PR)","Total","1362.99"
"4100608","Alto Paraná (PR)","Total","1448.91"
"4100707","Alto Piquiri (PR)","Total","1180.60"
"4100806","Alvorada do Sul (PR)","Total","1538.57"
"4100905","Amaporã (PR)","Total","1067.49"
"4101002","Ampére (PR)","Total","1815.06"
"4101051","Anahy (PR)","Total","1370.33"
"4101101","Andirá (PR)","Total","1578.21"
"4101150","Ângulo (PR)","Total","1394.70"
"4101200","Antonina (PR)","Total","1211.84"
"4101309","Antônio Olinto (PR)","Total","1190.28"
"4101408","Apucarana (PR)","Total","1770.29"
"4101507","Arapongas (PR)","Total","1778.09"
"4101606","Arapoti (PR)","Total","1526.02"
"4101655","Arapuã (PR)","Total","1226.76"
"4101705","Araruna (PR)","Total","1513.63"
"4101804","Araucária (PR)","Total","1600.99"
"4101853","Ariranha do Ivaí (PR)","Total","1383.07"
"4101903","Assaí (PR)","Total","1275.36"
"4102000","Assis Chateaubriand (PR)","Total","1672.22"
"4102109","Astorga (PR)","Total","1554.91"
"4102208","Atalaia (PR)","Total","1709.41"
"4102307","Balsa Nova (PR)","Total","1606.33"
"4102406","Bandeirantes (PR)","Total","1502.12"
"4102505","Barbosa Ferraz (PR)","Total","1309.84"
"4102604","Barracão (PR)","Total","1469.89"
"4102703","Barra do Jacaré (PR)","Total","1473.07"
"4102752","Bela Vista da Caroba (PR)","Total","1750.40"
"4102802","Bela Vista do Paraíso (PR)","Total","1399.26"
"4102901","Bituruna (PR)","Total","1382.61"
"4103008","Boa Esperança (PR)","Total","1556.08"
"4103024","Boa Esperança do Iguaçu (PR)","Total","2185.28"
"4103040","Boa Ventura de São Roque (PR)","Total","1567.86"
"4103057","Boa Vista da Aparecida (PR)","Total","1272.15"
"4103107","Bocaiúva do Sul (PR)","Total","1328.20"
"4103156","Bom Jesus do Sul (PR)","Total","1545.13"
"4103206","Bom Sucesso (PR)","Total","1387.30"
"4103222","Bom Sucesso do Sul (PR)","Total","1788.27"
"4103305","Borrazópolis (PR)","Total","1549.47"
"4103354","Braganey (PR)","Total","1317.26"
"4103370","Brasilândia do Sul (PR)","Total","1443.73"
"4103404","Cafeara (PR)","Total","1490.03"
"4103453","Cafelândia (PR)","Total","1712.31"
"4103479","Cafezal do Sul (PR)","Total","1393.28"
"4103503","Califórnia (PR)","Total","1415.61"
"4103602","Cambará (PR)","Total","1436.07"
"4103701","Cambé (PR)","Total","1753.93"
"4103800","Cambira (PR)","Total","1624.96"
"4103909","Campina da Lagoa (PR)","Total","1619.88"
"4103958","Campina do Simão (PR)","Total","1316.21"
"4104006","Campina Grande do Sul (PR)","Total","1514.06"
"4104055","Campo Bonito (PR)","Total","1444.58"
"4104105","Campo do Tenente (PR)","Total","1119.38"
"4104204","Campo Largo (PR)","Total","1755.14"
"4104253","Campo Magro (PR)","Total","1402.36"
"4104303","Campo Mourão (PR)","Total","2064.25"
"4104402","Cândido de Abreu (PR)","Total","1245.36"
"4104428","Candói (PR)","Total","1389.16"
"4104451","Cantagalo (PR)","Total","1380.05"
"4104501","Capanema (PR)","Total","1827.28"
"4104600","Capitão Leônidas Marques (PR)","Total","1698.36"
"4104659","Carambeí (PR)","Total","1600.57"
"4104709","Carlópolis (PR)","Total","1441.28"
"4104808","Cascavel (PR)","Total","2217.32"
"4104907","Castro (PR)","Total","1568.37"
"4105003","Catanduvas (PR)","Total","1376.45"
"4105102","Centenário do Sul (PR)","Total","1244.49"
"4105201","Cerro Azul (PR)","Total","935.00"
"4105300","Céu Azul (PR)","Total","1771.19"
"4105409","Chopinzinho (PR)","Total","1839.01"
"4105508","Cianorte (PR)","Total","1868.11"
"4105607","Cidade Gaúcha (PR)","Total","1589.25"
"4105706","Clevelândia (PR)","Total","1590.88"
"4105805","Colombo (PR)","Total","1526.60"
"4105904","Colorado (PR)","Total","1845.18"
"4106001","Congonhinhas (PR)","Total","1207.32"
"4106100","Conselheiro Mairinck (PR)","Total","1357.56"
"4106209","Contenda (PR)","Total","1234.23"
"4106308","Corbélia (PR)","Total","1707.15"
"4106407","Cornélio Procópio (PR)","Total","1919.99"
"4106456","Coronel Domingos Soares (PR)","Total","1162.70"
"4106506","Coronel Vivida (PR)","Total","1923.36"
"4106555","Corumbataí do Sul (PR)","Total","1219.96"
"4106571","Cruzeiro do Iguaçu (PR)","Total","1665.75"
"4106605","Cruzeiro do Oeste (PR)","Total","1571.31"
"4106704","Cruzeiro do Sul (PR)","Total","1407.88"
"4106803","Cruz Machado (PR)","Total","1245.38"
"4106852","Cruzmaltina (PR)","Total","1308.84"
"4106902","Curitiba (PR)","Total","3137.92"
"4107009","Curiúva (PR)","Total","1174.71"
"4107108","Diamante do Norte (PR)","Total","1508.14"
"4107124","Diamante do Sul (PR)","Total","1190.65"
"4107157","Diamante D'Oeste (PR)","Total","1469.26"
"4107207","Dois Vizinhos (PR)","Total","2032.62"
"4107256","Douradina (PR)","Total","1609.13"
"4107306","Doutor Camargo (PR)","Total","1607.28"
"4107405","Enéas Marques (PR)","Total","2211.98"
"4107504","Engenheiro Beltrão (PR)","Total","1697.37"
"4107520","Esperança Nova (PR)","Total","1417.10"
"4107538","Entre Rios do Oeste (PR)","Total","2240.05"
"4107546","Espigão Alto do Iguaçu (PR)","Total","1363.45"
"4107553","Farol (PR)","Total","1519.69"
"4107603","Faxinal (PR)","Total","1452.98"
"4107652","Fazenda Rio Grande (PR)","Total","1448.37"
"4107702","Fênix (PR)","Total","1434.14"
"4107736","Fernandes Pinheiro (PR)","Total","1162.70"
"4107751","Figueira (PR)","Total","1371.25"
"4107801","Floraí (PR)","Total","1468.80"
"4107850","Flor da Serra do Sul (PR)","Total","1957.58"
"4107900","Floresta (PR)","Total","1457.38"
"4108007","Florestópolis (PR)","Total","1226.32"
"4108106","Flórida (PR)","Total","903.94"
"4108205","Formosa do Oeste (PR)","Total","1600.27"
"4108304","Foz do Iguaçu (PR)","Total","1910.76"
"4108320","Francisco Alves (PR)","Total","1363.92"
"4108403","Francisco Beltrão (PR)","Total","2277.74"
"4108452","Foz do Jordão (PR)","Total","1270.58"
"4108502","General Carneiro (PR)","Total","1246.29"
"4108551","Godoy Moreira (PR)","Total","1320.61"
"4108601","Goioerê (PR)","Total","1577.15"
"4108650","Goioxim (PR)","Total","1183.13"
"4108700","Grandes Rios (PR)","Total","1258.21"
"4108809","Guaíra (PR)","Total","1631.65"
"4108908","Guairaçá (PR)","Total","1274.78"
"4108957","Guamiranga (PR)","Total","1305.12"
"4109005","Guapirama (PR)","Total","1337.57"
"4109104","Guaporema (PR)","Total","1850.26"
"4109203","Guaraci (PR)","Total","1709.29"
"4109302","Guaraniaçu (PR)","Total","1490.34"
"4109401","Guarapuava (PR)","Total","1703.75"
"4109500","Guaraqueçaba (PR)","Total","974.13"
"4109609","Guaratuba (PR)","Total","1685.43"
"4109658","Honório Serpa (PR)","Total","1708.91"
"4109708","Ibaiti (PR)","Total","1437.92"
"4109757","Ibema (PR)","Total","1329.26"
"4109807","Ibiporã (PR)","Total","1651.74"
"4109906","Icaraíma (PR)","Total","1338.60"
"4110003","Iguaraçu (PR)","Total","1388.72"
"4110052","Iguatu (PR)","Total","1480.17"
"4110078","Imbaú (PR)","Total","1176.57"
"4110102","Imbituva (PR)","Total","1254.07"
"4110201","Inácio Martins (PR)","Total","1124.11"
"4110300","Inajá (PR)","Total","1139.89"
"4110409","Indianópolis (PR)","Total","1380.22"
"4110508","Ipiranga (PR)","Total","1507.37"
"4110607","Iporã (PR)","Total","1543.14"
"4110656","Iracema do Oeste (PR)","Total","1353.34"
"4110706","Irati (PR)","Total","1765.52"
"4110805","Iretama (PR)","Total","1310.73"
"4110904","Itaguajé (PR)","Total","1391.90"
"4110953","Itaipulândia (PR)","Total","1555.62"
"4111001","Itambaracá (PR)","Total","1287.62"
"4111100","Itambé (PR)","Total","1536.99"
"4111209","Itapejara d'Oeste (PR)","Total","1613.14"
"4111258","Itaperuçu (PR)","Total","1035.18"
"4111308","Itaúna do Sul (PR)","Total","1251.41"
"4111407","Ivaí (PR)","Total","1289.23"
"4111506","Ivaiporã (PR)","Total","1764.64"
"4111555","Ivaté (PR)","Total","1318.30"
"4111605","Ivatuba (PR)","Total","1780.15"
"4111704","Jaboti (PR)","Total","1482.44"
"4111803","Jacarezinho (PR)","Total","1591.93"
"4111902","Jaguapitã (PR)","Total","1517.31"
"4112009","Jaguariaíva (PR)","Total","1418.37"
"4112108","Jandaia do Sul (PR)","Total","1763.44"
"4112207","Janiópolis (PR)","Total","1208.61"
"4112306","Japira (PR)","Total","1339.86"
"4112405","Japurá (PR)","Total","1684.55"
"4112504","Jardim Alegre (PR)","Total","1312.61"
"4112603","Jardim Olinda (PR)","Total","1120.71"
"4112702","Jataizinho (PR)","Total","1263.41"
"4112751","Jesuítas (PR)","Total","1610.56"
"4112801","Joaquim Távora (PR)","Total","1481.83"
"4112900","Jundiaí do Sul (PR)","Total","1278.67"
"4112959","Juranda (PR)","Total","1524.76"
"4113007","Jussara (PR)","Total","1489.41"
"4113106","Kaloré (PR)","Total","1400.13"
"4113205","Lapa (PR)","Total","1508.11"
"4113254","Laranjal (PR)","Total","1001.65"
"4113304","Laranjeiras do Sul (PR)","Total","1801.68"
"4113403","Leópolis (PR)","Total","1313.79"
"4113429","Lidianópolis (PR)","Total","1256.59"
"4113452","Lindoeste (PR)","Total","1258.41"
"4113502","Loanda (PR)","Total","1760.13"
"4113601","Lobato (PR)","Total","1604.37"
"4113700","Londrina (PR)","Total","2332.51"
"4113734","Luiziana (PR)","Total","1271.33"
"4113759","Lunardelli (PR)","Total","1265.28"
"4113809","Lupionópolis (PR)","Total","1332.01"
"4113908","Mallet (PR)","Total","1481.24"
"4114005","Mamborê (PR)","Total","1688.63"
"4114104","Mandaguaçu (PR)","Total","1651.00"
"4114203","Mandaguari (PR)","Total","1604.93"
"4114302","Mandirituba (PR)","Total","1269.58"
"4114351","Manfrinópolis (PR)","Total","1680.04"
"4114401","Mangueirinha (PR)","Total","1500.51"
"4114500","Manoel Ribas (PR)","Total","1828.41"
"4114609","Marechal Cândido Rondon (PR)","Total","2069.05"
"4114708","Maria Helena (PR)","Total","1434.22"
"4114807","Marialva (PR)","Total","1696.15"
"4114906","Marilândia do Sul (PR)","Total","1533.15"
"4115002","Marilena (PR)","Total","1287.26"
"4115101","Mariluz (PR)","Total","1300.28"
"4115200","Maringá (PR)","Total","2646.96"
"4115309","Mariópolis (PR)","Total","2076.62"
"4115358","Maripá (PR)","Total","1580.45"
"4115408","Marmeleiro (PR)","Total","2013.84"
"4115457","Marquinho (PR)","Total","1563.73"
"4115507","Marumbi (PR)","Total","1424.62"
"4115606","Matelândia (PR)","Total","1633.10"
"4115705","Matinhos (PR)","Total","1729.34"
"4115739","Mato Rico (PR)","Total","1179.56"
"4115754","Mauá da Serra (PR)","Total","1055.56"
"4115804","Medianeira (PR)","Total","2049.11"
"4115853","Mercedes (PR)","Total","1778.11"
"4115903","Mirador (PR)","Total","1213.96"
"4116000","Miraselva (PR)","Total","1212.39"
"4116059","Missal (PR)","Total","1858.61"
"4116109","Moreira Sales (PR)","Total","1204.28"
"4116208","Morretes (PR)","Total","1394.05"
"4116307","Munhoz de Melo (PR)","Total","1704.22"
"4116406","Nossa Senhora das Graças (PR)","Total","1612.61"
"4116505","Nova Aliança do Ivaí (PR)","Total","1455.89"
"4116604","Nova América da Colina (PR)","Total","1149.02"
"4116703","Nova Aurora (PR)","Total","1730.42"
"4116802","Nova Cantu (PR)","Total","1355.91"
"4116901","Nova Esperança (PR)","Total","1663.04"
"4116950","Nova Esperança do Sudoeste (PR)","Total","2953.34"
"4117008","Nova Fátima (PR)","Total","1230.27"
"4117057","Nova Laranjeiras (PR)","Total","1149.47"
"4117107","Nova Londrina (PR)","Total","1559.23"
"4117206","Nova Olímpia (PR)","Total","1373.96"
"4117214","Nova Santa Bárbara (PR)","Total","1183.28"
"4117222","Nova Santa Rosa (PR)","Total","1713.57"
"4117255","Nova Prata do Iguaçu (PR)","Total","2106.68"
"4117271","Nova Tebas (PR)","Total","1473.55"
"4117297","Novo Itacolomi (PR)","Total","1568.06"
"4117305","Ortigueira (PR)","Total","1156.60"
"4117404","Ourizona (PR)","Total","1624.55"
"4117453","Ouro Verde do Oeste (PR)","Total","1323.87"
"4117503","Paiçandu (PR)","Total","1423.93"
"4117602","Palmas (PR)","Total","1515.41"
"4117701","Palmeira (PR)","Total","1563.68"
"4117800","Palmital (PR)","Total","1265.43"
"4117909","Palotina (PR)","Total","2272.86"
"4118006","Paraíso do Norte (PR)","Total","1575.83"
"4118105","Paranacity (PR)","Total","1362.04"
"4118204","Paranaguá (PR)","Total","1570.84"
"4118303","Paranapoema (PR)","Total","1089.81"
"4118402","Paranavaí (PR)","Total","1810.85"
"4118451","Pato Bragado (PR)","Total","1801.41"
"4118501","Pato Branco (PR)","Total","2309.92"
"4118600","Paula Freitas (PR)","Total","1665.15"
"4118709","Paulo Frontin (PR)","Total","1462.14"
"4118808","Peabiru (PR)","Total","1549.52"
"4118857","Perobal (PR)","Total","1393.26"
"4118907","Pérola (PR)","Total","1485.86"
"4119004","Pérola d'Oeste (PR)","Total","2376.50"
"4119103","Piên (PR)","Total","1421.44"
"4119152","Pinhais (PR)","Total","2122.76"
"4119202","Pinhalão (PR)","Total","1351.43"
"4119251","Pinhal de São Bento (PR)","Total","1639.07"
"4119301","Pinhão (PR)","Total","1121.81"
"4119400","Piraí do Sul (PR)","Total","1409.00"
"4119509","Piraquara (PR)","Total","1420.03"
"4119608","Pitanga (PR)","Total","1584.10"
"4119657","Pitangueiras (PR)","Total","1609.52"
"4119707","Planaltina do Paraná (PR)","Total","1178.56"
"4119806","Planalto (PR)","Total","2090.83"
"4119905","Ponta Grossa (PR)","Total","1891.65"
"4119954","Pontal do Paraná (PR)","Total","1644.82"
"4120002","Porecatu (PR)","Total","1614.47"
"4120101","Porto Amazonas (PR)","Total","1567.66"
"4120150","Porto Barreiro (PR)","Total","1915.74"
"4120200","Porto Rico (PR)","Total","2008.51"
"4120309","Porto Vitória (PR)","Total","1212.67"
"4120333","Prado Ferreira (PR)","Total","1321.84"
"4120358","Pranchita (PR)","Total","2502.72"
"4120408","Presidente Castelo Branco (PR)","Total","1492.24"
"4120507","Primeiro de Maio (PR)","Total","1561.86"
"4120606","Prudentópolis (PR)","Total","1411.17"
"4120655","Quarto Centenário (PR)","Total","1287.55"
"4120705","Quatiguá (PR)","Total","1506.45"
"4120804","Quatro Barras (PR)","Total","2002.85"
"4120853","Quatro Pontes (PR)","Total","2437.06"
"4120903","Quedas do Iguaçu (PR)","Total","1425.00"
"4121000","Querência do Norte (PR)","Total","1373.66"
"4121109","Quinta do Sol (PR)","Total","1463.10"
"4121208","Quitandinha (PR)","Total","1211.25"
"4121257","Ramilândia (PR)","Total","1122.96"
"4121307","Rancho Alegre (PR)","Total","1381.13"
"4121356","Rancho Alegre D'Oeste (PR)","Total","1077.07"
"4121406","Realeza (PR)","Total","2238.89"
"4121505","Rebouças (PR)","Total","1322.81"
"4121604","Renascença (PR)","Total","1626.85"
"4121703","Reserva (PR)","Total","1228.72"
"4121752","Reserva do Iguaçu (PR)","Total","1098.19"
"4121802","Ribeirão Claro (PR)","Total","1565.81"
"4121901","Ribeirão do Pinhal (PR)","Total","1275.58"
"4122008","Rio Azul (PR)","Total","1310.29"
"4122107","Rio Bom (PR)","Total","1418.24"
"4122156","Rio Bonito do Iguaçu (PR)","Total","1218.66"
"4122172","Rio Branco do Ivaí (PR)","Total","1163.27"
"4122206","Rio Branco do Sul (PR)","Total","1030.48"
"4122305","Rio Negro (PR)","Total","1799.19"
"4122404","Rolândia (PR)","Total","1663.39"
"4122503","Roncador (PR)","Total","1349.95"
"4122602","Rondon (PR)","Total","1514.88"
"4122651","Rosário do Ivaí (PR)","Total","1324.47"
"4122701","Sabáudia (PR)","Total","1580.46"
"4122800","Salgado Filho (PR)","Total","1865.95"
"4122909","Salto do Itararé (PR)","Total","1385.52"
"4123006","Salto do Lontra (PR)","Total","1937.98"
"4123105","Santa Amélia (PR)","Total","1219.36"
"4123204","Santa Cecília do Pavão (PR)","Total","1194.03"
"4123303","Santa Cruz de Monte Castelo (PR)","Total","1566.91"
"4123402","Santa Fé (PR)","Total","1458.51"
"4123501","Santa Helena (PR)","Total","2128.29"
"4123600","Santa Inês (PR)","Total","1333.84"
"4123709","Santa Isabel do Ivaí (PR)","Total","1425.90"
"4123808","Santa Izabel do Oeste (PR)","Total","1908.59"
"4123824","Santa Lúcia (PR)","Total","1305.23"
"4123857","Santa Maria do Oeste (PR)","Total","1045.38"
"4123907","Santa Mariana (PR)","Total","1464.31"
"4123956","Santa Mônica (PR)","Total","1158.56"
"4124004","Santana do Itararé (PR)","Total","1360.85"
"4124020","Santa Tereza do Oeste (PR)","Total","1489.90"
"4124053","Santa Terezinha de Itaipu (PR)","Total","1690.18"
"4124103","Santo Antônio da Platina (PR)","Total","1439.66"
"4124202","Santo Antônio do Caiuá (PR)","Total","1309.09"
"4124301","Santo Antônio do Paraíso (PR)","Total","1340.41"
"4124400","Santo Antônio do Sudoeste (PR)","Total","1734.86"
"4124509","Santo Inácio (PR)","Total","1660.45"
"4124608","São Carlos do Ivaí (PR)","Total","1514.76"
"4124707","São Jerônimo da Serra (PR)","Total","1168.93"
"4124806","São João (PR)","Total","1693.11"
"4124905","São João do Caiuá (PR)","Total","1220.35"
"4125001","São João do Ivaí (PR)","Total","1435.26"
"4125100","São João do Triunfo (PR)","Total","1474.27"
"4125209","São Jorge d'Oeste (PR)","Total","1829.04"
"4125308","São Jorge do Ivaí (PR)","Total","1785.31"
"4125357","São Jorge do Patrocínio (PR)","Total","1373.72"
"4125407","São José da Boa Vista (PR)","Total","1395.21"
"4125456","São José das Palmeiras (PR)","Total","1557.10"
"4125506","São José dos Pinhais (PR)","Total","1823.68"
"4125555","São Manoel do Paraná (PR)","Total","1301.92"
"4125605","São Mateus do Sul (PR)","Total","1568.37"
"4125704","São Miguel do Iguaçu (PR)","Total","1733.78"
"4125753","São Pedro do Iguaçu (PR)","Total","1478.95"
"4125803","São Pedro do Ivaí (PR)","Total","1588.58"
"4125902","São Pedro do Paraná (PR)","Total","1682.34"
"4126009","São Sebastião da Amoreira (PR)","Total","1305.25"
"4126108","São Tomé (PR)","Total","1352.04"
"4126207","Sapopema (PR)","Total","1074.17"
"4126256","Sarandi (PR)","Total","1461.61"
"4126272","Saudade do Iguaçu (PR)","Total","1875.40"
"4126306","Sengés (PR)","Total","1315.97"
"4126355","Serranópolis do Iguaçu (PR)","Total","1990.96"
"4126405","Sertaneja (PR)","Total","1730.01"
"4126504","Sertanópolis (PR)","Total","1843.32"
"4126603","Siqueira Campos (PR)","Total","1562.88"
"4126652","Sulina (PR)","Total","2593.96"
"4126678","Tamarana (PR)","Total","1129.05"
"4126702","Tamboara (PR)","Total","1407.37"
"4126801","Tapejara (PR)","Total","1355.43"
"4126900","Tapira (PR)","Total","1376.12"
"4127007","Teixeira Soares (PR)","Total","1413.01"
"4127106","Telêmaco Borba (PR)","Total","1683.23"
"4127205","Terra Boa (PR)","Total","1465.38"
"4127304","Terra Rica (PR)","Total","1486.82"
"4127403","Terra Roxa (PR)","Total","1587.77"
"4127502","Tibagi (PR)","Total","1248.88"
"4127601","Tijucas do Sul (PR)","Total","1318.51"
"4127700","Toledo (PR)","Total","2165.17"
"4127809","Tomazina (PR)","Total","1530.72"
"4127858","Três Barras do Paraná (PR)","Total","1602.60"
"4127882","Tunas do Paraná (PR)","Total","1119.88"
"4127908","Tuneiras do Oeste (PR)","Total","1190.36"
"4127957","Tupãssi (PR)","Total","1663.51"
"4127965","Turvo (PR)","Total","1317.98"
"4128005","Ubiratã (PR)","Total","1637.48"
"4128104","Umuarama (PR)","Total","1959.13"
"4128203","União da Vitória (PR)","Total","1628.91"
"4128302","Uniflor (PR)","Total","1318.40"
"4128401","Uraí (PR)","Total","1578.68"
"4128500","Wenceslau Braz (PR)","Total","1431.15"
"4128534","Ventania (PR)","Total","1263.37"
"4128559","Vera Cruz do Oeste (PR)","Total","1368.31"
"4128609","Verê (PR)","Total","1887.70"
"4128625","Alto Paraíso (PR)","Total","1217.29"
"4128633","Doutor Ulysses (PR)","Total","893.21"
"4128658","Virmond (PR)","Total","1641.92"
"4128708","Vitorino (PR)","Total","1800.07"
"4128807","Xambrê (PR)","Total","1278.58"
"Fonte: IBGE - Censo Demográfico"

"Tabela 10295 - Moradores em domicílios particulares permanentes ocupados, exclusive os cuja condição no domicílio era pensionista, empregado(a) doméstico(a) ou parente do(a) empregado(a) doméstico(a), valor do rendimento domiciliar mensal per capita, médio e mediano, por sexo, cor ou raça e grupos de idade"
"Variável - Valor do rendimento nominal mediano mensal domiciliar per capita dos moradores em domicílios particulares permanentes ocupados, exclusive os cuja condição no domicílio era pensionista, empregado(a) doméstico(a) ou parente do(a) empregado(a) doméstico(a) (Reais)"
"Cód.","Município","Grupo de idade","Ano x Sexo x Cor ou raça"
"Cód.","Município","Grupo de idade","2022"
"Cód.","Município","Grupo de idade","Total"
"Cód.","Município","Grupo de idade","Total"
"4100103","Abatiá (PR)","Total","920.00"
"4100202","Adrianópolis (PR)","Total","808.00"
"4100301","Agudos do Sul (PR)","Total","1000.00"
"4100400","Almirante Tamandaré (PR)","Total","1066.67"
"4100459","Altamira do Paraná (PR)","Total","978.00"
"4100509","Altônia (PR)","Total","1204.00"
"4100608","Alto Paraná (PR)","Total","1133.33"
"4100707","Alto Piquiri (PR)","Total","904.00"
"4100806","Alvorada do Sul (PR)","Total","1200.00"
"4100905","Amaporã (PR)","Total","933.33"
"4101002","Ampére (PR)","Total","1250.00"
"4101051","Anahy (PR)","Total","1212.00"
"4101101","Andirá (PR)","Total","1212.00"
"4101150","Ângulo (PR)","Total","1103.00"
"4101200","Antonina (PR)","Total","900.00"
"4101309","Antônio Olinto (PR)","Total","903.00"
"4101408","Apucarana (PR)","Total","1311.00"
"4101507","Arapongas (PR)","Total","1333.33"
"4101606","Arapoti (PR)","Total","1070.67"
"4101655","Arapuã (PR)","Total","933.33"
"4101705","Araruna (PR)","Total","1212.00"
"4101804","Araucária (PR)","Total","1250.00"
"4101853","Ariranha do Ivaí (PR)","Total","1119.25"
"4101903","Assaí (PR)","Total","1040.00"
"4102000","Assis Chateaubriand (PR)","Total","1212.00"
"4102109","Astorga (PR)","Total","1212.00"
"4102208","Atalaia (PR)","Total","1237.33"
"4102307","Balsa Nova (PR)","Total","1300.00"
"4102406","Bandeirantes (PR)","Total","1066.67"
"4102505","Barbosa Ferraz (PR)","Total","1041.33"
"4102604","Barracão (PR)","Total","1100.00"
"4102703","Barra do Jacaré (PR)","Total","1206.00"
"4102752","Bela Vista da Caroba (PR)","Total","1212.00"
"4102802","Bela Vista do Paraíso (PR)","Total","1075.00"
"4102901","Bituruna (PR)","Total","1125.00"
"4103008","Boa Esperança (PR)","Total","1212.00"
"4103024","Boa Esperança do Iguaçu (PR)","Total","1212.00"
"4103040","Boa Ventura de São Roque (PR)","Total","1070.67"
"4103057","Boa Vista da Aparecida (PR)","Total","1072.00"
"4103107","Bocaiúva do Sul (PR)","Total","1050.00"
"4103156","Bom Jesus do Sul (PR)","Total","1212.00"
"4103206","Bom Sucesso (PR)","Total","1170.67"
"4103222","Bom Sucesso do Sul (PR)","Total","1237.33"
"4103305","Borrazópolis (PR)","Total","1187.50"
"4103354","Braganey (PR)","Total","1182.40"
"4103370","Brasilândia do Sul (PR)","Total","1202.00"
"4103404","Cafeara (PR)","Total","1200.00"
"4103453","Cafelândia (PR)","Total","1375.00"
"4103479","Cafezal do Sul (PR)","Total","1200.00"
"4103503","Califórnia (PR)","Total","1200.00"
"4103602","Cambará (PR)","Total","1123.75"
"4103701","Cambé (PR)","Total","1280.00"
"4103800","Cambira (PR)","Total","1212.00"
"4103909","Campina da Lagoa (PR)","Total","1200.00"
"4103958","Campina do Simão (PR)","Total","842.86"
"4104006","Campina Grande do Sul (PR)","Total","1212.00"
"4104055","Campo Bonito (PR)","Total","1141.33"
"4104105","Campo do Tenente (PR)","Total","904.00"
"4104204","Campo Largo (PR)","Total","1304.00"
"4104253","Campo Magro (PR)","Total","1166.67"
"4104303","Campo Mourão (PR)","Total","1400.00"
"4104402","Cândido de Abreu (PR)","Total","833.33"
"4104428","Candói (PR)","Total","1000.00"
"4104451","Cantagalo (PR)","Total","981.00"
"4104501","Capanema (PR)","Total","1275.00"
"4104600","Capitão Leônidas Marques (PR)","Total","1250.00"
"4104659","Carambeí (PR)","Total","1200.00"
"4104709","Carlópolis (PR)","Total","1100.00"
"4104808","Cascavel (PR)","Total","1500.00"
"4104907","Castro (PR)","Total","1110.00"
"4105003","Catanduvas (PR)","Total","1035.33"
"4105102","Centenário do Sul (PR)","Total","1053.00"
"4105201","Cerro Azul (PR)","Total","630.00"
"4105300","Céu Azul (PR)","Total","1306.67"
"4105409","Chopinzinho (PR)","Total","1250.00"
"4105508","Cianorte (PR)","Total","1366.67"
"4105607","Cidade Gaúcha (PR)","Total","1200.00"
"4105706","Clevelândia (PR)","Total","1070.67"
"4105805","Colombo (PR)","Total","1212.00"
"4105904","Colorado (PR)","Total","1332.33"
"4106001","Congonhinhas (PR)","Total","850.00"
"4106100","Conselheiro Mairinck (PR)","Total","1067.20"
"4106209","Contenda (PR)","Total","1000.00"
"4106308","Corbélia (PR)","Total","1251.25"
"4106407","Cornélio Procópio (PR)","Total","1366.67"
"4106456","Coronel Domingos Soares (PR)","Total","800.00"
"4106506","Coronel Vivida (PR)","Total","1356.00"
"4106555","Corumbataí do Sul (PR)","Total","1000.00"
"4106571","Cruzeiro do Iguaçu (PR)","Total","1224.00"
"4106605","Cruzeiro do Oeste (PR)","Total","1200.00"
"4106704","Cruzeiro do Sul (PR)","Total","1066.67"
"4106803","Cruz Machado (PR)","Total","950.00"
"4106852","Cruzmaltina (PR)","Total","1212.00"
"4106902","Curitiba (PR)","Total","1850.00"
"4107009","Curiúva (PR)","Total","925.00"
"4107108","Diamante do Norte (PR)","Total","1212.00"
"4107124","Diamante do Sul (PR)","Total","933.33"
"4107157","Diamante D'Oeste (PR)","Total","1200.00"
"4107207","Dois Vizinhos (PR)","Total","1500.00"
"4107256","Douradina (PR)","Total","1212.00"
"4107306","Doutor Camargo (PR)","Total","1262.00"
"4107405","Enéas Marques (PR)","Total","1308.00"
"4107504","Engenheiro Beltrão (PR)","Total","1212.00"
"4107520","Esperança Nova (PR)","Total","1212.00"
"4107538","Entre Rios do Oeste (PR)","Total","1660.00"
"4107546","Espigão Alto do Iguaçu (PR)","Total","1000.00"
"4107553","Farol (PR)","Total","1100.00"
"4107603","Faxinal (PR)","Total","1003.00"
"4107652","Fazenda Rio Grande (PR)","Total","1200.00"
"4107702","Fênix (PR)","Total","1128.00"
"4107736","Fernandes Pinheiro (PR)","Total","906.00"
"4107751","Figueira (PR)","Total","1050.00"
"4107801","Floraí (PR)","Total","1212.00"
"4107850","Flor da Serra do Sul (PR)","Total","1212.00"
"4107900","Floresta (PR)","Total","1200.00"
"4108007","Florestópolis (PR)","Total","1000.00"
"4108106","Flórida (PR)","Total","800.00"
"4108205","Formosa do Oeste (PR)","Total","1212.00"
"4108304","Foz do Iguaçu (PR)","Total","1250.00"
"4108320","Francisco Alves (PR)","Total","1164.80"
"4108403","Francisco Beltrão (PR)","Total","1566.67"
"4108452","Foz do Jordão (PR)","Total","1000.00"
"4108502","General Carneiro (PR)","Total","1000.00"
"4108551","Godoy Moreira (PR)","Total","1018.00"
"4108601","Goioerê (PR)","Total","1200.00"
"4108650","Goioxim (PR)","Total","803.00"
"4108700","Grandes Rios (PR)","Total","931.00"
"4108809","Guaíra (PR)","Total","1206.00"
"4108908","Guairaçá (PR)","Total","1064.80"
"4108957","Guamiranga (PR)","Total","1025.00"
"4109005","Guapirama (PR)","Total","964.80"
"4109104","Guaporema (PR)","Total","1314.29"
"4109203","Guaraci (PR)","Total","1341.33"
"4109302","Guaraniaçu (PR)","Total","1150.00"
"4109401","Guarapuava (PR)","Total","1200.00"
"4109500","Guaraqueçaba (PR)","Total","692.40"
"4109609","Guaratuba (PR)","Total","1166.67"
"4109658","Honório Serpa (PR)","Total","1212.00"
"4109708","Ibaiti (PR)","Total","1150.00"
"4109757","Ibema (PR)","Total","1003.00"
"4109807","Ibiporã (PR)","Total","1212.00"
"4109906","Icaraíma (PR)","Total","1150.00"
"4110003","Iguaraçu (PR)","Total","1150.00"
"4110052","Iguatu (PR)","Total","1200.00"
"4110078","Imbaú (PR)","Total","925.00"
"4110102","Imbituva (PR)","Total","1000.00"
"4110201","Inácio Martins (PR)","Total","800.00"
"4110300","Inajá (PR)","Total","900.00"
"4110409","Indianópolis (PR)","Total","1200.00"
"4110508","Ipiranga (PR)","Total","1100.00"
"4110607","Iporã (PR)","Total","1206.00"
"4110656","Iracema do Oeste (PR)","Total","1170.67"
"4110706","Irati (PR)","Total","1220.00"
"4110805","Iretama (PR)","Total","1030.57"
"4110904","Itaguajé (PR)","Total","1159.00"
"4110953","Itaipulândia (PR)","Total","1212.00"
"4111001","Itambaracá (PR)","Total","962.40"
"4111100","Itambé (PR)","Total","1284.00"
"4111209","Itapejara d'Oeste (PR)","Total","1212.00"
"4111258","Itaperuçu (PR)","Total","900.00"
"4111308","Itaúna do Sul (PR)","Total","1102.40"
"4111407","Ivaí (PR)","Total","931.00"
"4111506","Ivaiporã (PR)","Total","1212.00"
"4111555","Ivaté (PR)","Total","1132.50"
"4111605","Ivatuba (PR)","Total","1241.67"
"4111704","Jaboti (PR)","Total","1071.50"
"4111803","Jacarezinho (PR)","Total","1189.33"
"4111902","Jaguapitã (PR)","Total","1218.00"
"4112009","Jaguariaíva (PR)","Total","1047.50"
"4112108","Jandaia do Sul (PR)","Total","1308.00"
"4112207","Janiópolis (PR)","Total","1004.00"
"4112306","Japira (PR)","Total","1100.00"
"4112405","Japurá (PR)","Total","1275.00"
"4112504","Jardim Alegre (PR)","Total","1133.33"
"4112603","Jardim Olinda (PR)","Total","920.00"
"4112702","Jataizinho (PR)","Total","1000.00"
"4112751","Jesuítas (PR)","Total","1212.00"
"4112801","Joaquim Távora (PR)","Total","1200.00"
"4112900","Jundiaí do Sul (PR)","Total","960.00"
"4112959","Juranda (PR)","Total","1200.00"
"4113007","Jussara (PR)","Total","1225.00"
"4113106","Kaloré (PR)","Total","1192.40"
"4113205","Lapa (PR)","Total","1147.33"
"4113254","Laranjal (PR)","Total","800.00"
"4113304","Laranjeiras do Sul (PR)","Total","1200.00"
"4113403","Leópolis (PR)","Total","1100.00"
"4113429","Lidianópolis (PR)","Total","1070.67"
"4113452","Lindoeste (PR)","Total","1120.00"
"4113502","Loanda (PR)","Total","1250.00"
"4113601","Lobato (PR)","Total","1212.00"
"4113700","Londrina (PR)","Total","1500.00"
"4113734","Luiziana (PR)","Total","942.40"
"4113759","Lunardelli (PR)","Total","1006.00"
"4113809","Lupionópolis (PR)","Total","1133.33"
"4113908","Mallet (PR)","Total","1150.00"
"4114005","Mamborê (PR)","Total","1203.00"
"4114104","Mandaguaçu (PR)","Total","1256.00"
"4114203","Mandaguari (PR)","Total","1233.33"
"4114302","Mandirituba (PR)","Total","1000.00"
"4114351","Manfrinópolis (PR)","Total","1212.00"
"4114401","Mangueirinha (PR)","Total","1141.33"
"4114500","Manoel Ribas (PR)","Total","1242.40"
"4114609","Marechal Cândido Rondon (PR)","Total","1500.00"
"4114708","Maria Helena (PR)","Total","1200.00"
"4114807","Marialva (PR)","Total","1300.00"
"4114906","Marilândia do Sul (PR)","Total","1187.50"
"4115002","Marilena (PR)","Total","1163.00"
"4115101","Mariluz (PR)","Total","1046.67"
"4115200","Maringá (PR)","Total","1766.67"
"4115309","Mariópolis (PR)","Total","1250.00"
"4115358","Maripá (PR)","Total","1212.00"
"4115408","Marmeleiro (PR)","Total","1250.00"
"4115457","Marquinho (PR)","Total","1100.00"
"4115507","Marumbi (PR)","Total","1204.00"
"4115606","Matelândia (PR)","Total","1300.00"
"4115705","Matinhos (PR)","Total","1200.00"
"4115739","Mato Rico (PR)","Total","900.00"
"4115754","Mauá da Serra (PR)","Total","820.00"
"4115804","Medianeira (PR)","Total","1500.00"
"4115853","Mercedes (PR)","Total","1278.67"
"4115903","Mirador (PR)","Total","975.00"
"4116000","Miraselva (PR)","Total","1125.00"
"4116059","Missal (PR)","Total","1433.33"
"4116109","Moreira Sales (PR)","Total","970.67"
"4116208","Morretes (PR)","Total","1000.00"
"4116307","Munhoz de Melo (PR)","Total","1212.00"
"4116406","Nossa Senhora das Graças (PR)","Total","1250.00"
"4116505","Nova Aliança do Ivaí (PR)","Total","1071.00"
"4116604","Nova América da Colina (PR)","Total","950.00"
"4116703","Nova Aurora (PR)","Total","1269.60"
"4116802","Nova Cantu (PR)","Total","1000.00"
"4116901","Nova Esperança (PR)","Total","1250.00"
"4116950","Nova Esperança do Sudoeste (PR)","Total","1496.00"
"4117008","Nova Fátima (PR)","Total","928.00"
"4117057","Nova Laranjeiras (PR)","Total","700.00"
"4117107","Nova Londrina (PR)","Total","1212.00"
"4117206","Nova Olímpia (PR)","Total","1133.33"
"4117214","Nova Santa Bárbara (PR)","Total","900.00"
"4117222","Nova Santa Rosa (PR)","Total","1261.00"
"4117255","Nova Prata do Iguaçu (PR)","Total","1300.00"
"4117271","Nova Tebas (PR)","Total","1000.00"
"4117297","Novo Itacolomi (PR)","Total","1212.00"
"4117305","Ortigueira (PR)","Total","833.33"
"4117404","Ourizona (PR)","Total","1200.00"
"4117453","Ouro Verde do Oeste (PR)","Total","1112.00"
"4117503","Paiçandu (PR)","Total","1212.00"
"4117602","Palmas (PR)","Total","1050.00"
"4117701","Palmeira (PR)","Total","1212.00"
"4117800","Palmital (PR)","Total","808.00"
"4117909","Palotina (PR)","Total","1525.00"
"4118006","Paraíso do Norte (PR)","Total","1250.00"
"4118105","Paranacity (PR)","Total","1083.33"
"4118204","Paranaguá (PR)","Total","1125.00"
"4118303","Paranapoema (PR)","Total","887.43"
"4118402","Paranavaí (PR)","Total","1300.00"
"4118451","Pato Bragado (PR)","Total","1450.00"
"4118501","Pato Branco (PR)","Total","1604.00"
"4118600","Paula Freitas (PR)","Total","1212.00"
"4118709","Paulo Frontin (PR)","Total","1125.00"
"4118808","Peabiru (PR)","Total","1200.00"
"4118857","Perobal (PR)","Total","1185.71"
"4118907","Pérola (PR)","Total","1200.00"
"4119004","Pérola d'Oeste (PR)","Total","1500.00"
"4119103","Piên (PR)","Total","1200.00"
"4119152","Pinhais (PR)","Total","1404.00"
"4119202","Pinhalão (PR)","Total","1021.50"
"4119251","Pinhal de São Bento (PR)","Total","1200.00"
"4119301","Pinhão (PR)","Total","800.00"
"4119400","Piraí do Sul (PR)","Total","1000.00"
"4119509","Piraquara (PR)","Total","1100.00"
"4119608","Pitanga (PR)","Total","1100.00"
"4119657","Pitangueiras (PR)","Total","1212.00"
"4119707","Planaltina do Paraná (PR)","Total","960.57"
"4119806","Planalto (PR)","Total","1400.00"
"4119905","Ponta Grossa (PR)","Total","1250.00"
"4119954","Pontal do Paraná (PR)","Total","1212.00"
"4120002","Porecatu (PR)","Total","1200.00"
"4120101","Porto Amazonas (PR)","Total","1200.00"
"4120150","Porto Barreiro (PR)","Total","1266.67"
"4120200","Porto Rico (PR)","Total","1474.67"
"4120309","Porto Vitória (PR)","Total","953.00"
"4120333","Prado Ferreira (PR)","Total","1030.00"
"4120358","Pranchita (PR)","Total","1500.00"
"4120408","Presidente Castelo Branco (PR)","Total","1212.00"
"4120507","Primeiro de Maio (PR)","Total","1212.00"
"4120606","Prudentópolis (PR)","Total","1095.00"
"4120655","Quarto Centenário (PR)","Total","1070.67"
"4120705","Quatiguá (PR)","Total","1200.00"
"4120804","Quatro Barras (PR)","Total","1375.00"
"4120853","Quatro Pontes (PR)","Total","1833.33"
"4120903","Quedas do Iguaçu (PR)","Total","1075.00"
"4121000","Querência do Norte (PR)","Total","1080.00"
"4121109","Quinta do Sol (PR)","Total","1200.00"
"4121208","Quitandinha (PR)","Total","980.00"
"4121257","Ramilândia (PR)","Total","960.00"
"4121307","Rancho Alegre (PR)","Total","1100.00"
"4121356","Rancho Alegre D'Oeste (PR)","Total","866.67"
"4121406","Realeza (PR)","Total","1440.00"
"4121505","Rebouças (PR)","Total","933.33"
"4121604","Renascença (PR)","Total","1200.00"
"4121703","Reserva (PR)","Total","900.00"
"4121752","Reserva do Iguaçu (PR)","Total","808.00"
"4121802","Ribeirão Claro (PR)","Total","1212.00"
"4121901","Ribeirão do Pinhal (PR)","Total","900.00"
"4122008","Rio Azul (PR)","Total","875.00"
"4122107","Rio Bom (PR)","Total","1187.33"
"4122156","Rio Bonito do Iguaçu (PR)","Total","866.67"
"4122172","Rio Branco do Ivaí (PR)","Total","933.33"
"4122206","Rio Branco do Sul (PR)","Total","825.00"
"4122305","Rio Negro (PR)","Total","1333.33"
"4122404","Rolândia (PR)","Total","1250.00"
"4122503","Roncador (PR)","Total","1100.00"
"4122602","Rondon (PR)","Total","1212.00"
"4122651","Rosário do Ivaí (PR)","Total","1033.33"
"4122701","Sabáudia (PR)","Total","1300.00"
"4122800","Salgado Filho (PR)","Total","1325.00"
"4122909","Salto do Itararé (PR)","Total","1082.40"
"4123006","Salto do Lontra (PR)","Total","1212.00"
"4123105","Santa Amélia (PR)","Total","904.00"
"4123204","Santa Cecília do Pavão (PR)","Total","1000.00"
"4123303","Santa Cruz de Monte Castelo (PR)","Total","1205.00"
"4123402","Santa Fé (PR)","Total","1200.00"
"4123501","Santa Helena (PR)","Total","1400.00"
"4123600","Santa Inês (PR)","Total","1050.00"
"4123709","Santa Isabel do Ivaí (PR)","Total","1200.00"
"4123808","Santa Izabel do Oeste (PR)","Total","1250.00"
"4123824","Santa Lúcia (PR)","Total","1207.20"
"4123857","Santa Maria do Oeste (PR)","Total","770.67"
"4123907","Santa Mariana (PR)","Total","1133.33"
"4123956","Santa Mônica (PR)","Total","983.33"
"4124004","Santana do Itararé (PR)","Total","1066.67"
"4124020","Santa Tereza do Oeste (PR)","Total","1160.00"
"4124053","Santa Terezinha de Itaipu (PR)","Total","1270.67"
"4124103","Santo Antônio da Platina (PR)","Total","1053.00"
"4124202","Santo Antônio do Caiuá (PR)","Total","1106.00"
"4124301","Santo Antônio do Paraíso (PR)","Total","1070.67"
"4124400","Santo Antônio do Sudoeste (PR)","Total","1212.00"
"4124509","Santo Inácio (PR)","Total","1212.00"
"4124608","São Carlos do Ivaí (PR)","Total","1212.00"
"4124707","São Jerônimo da Serra (PR)","Total","844.80"
"4124806","São João (PR)","Total","1233.33"
"4124905","São João do Caiuá (PR)","Total","941.33"
"4125001","São João do Ivaí (PR)","Total","1208.00"
"4125100","São João do Triunfo (PR)","Total","1053.00"
"4125209","São Jorge d'Oeste (PR)","Total","1200.00"
"4125308","São Jorge do Ivaí (PR)","Total","1308.00"
"4125357","São Jorge do Patrocínio (PR)","Total","1200.00"
"4125407","São José da Boa Vista (PR)","Total","965.00"
"4125456","São José das Palmeiras (PR)","Total","1212.00"
"4125506","São José dos Pinhais (PR)","Total","1333.33"
"4125555","São Manoel do Paraná (PR)","Total","1212.00"
"4125605","São Mateus do Sul (PR)","Total","1180.00"
"4125704","São Miguel do Iguaçu (PR)","Total","1225.00"
"4125753","São Pedro do Iguaçu (PR)","Total","1200.00"
"4125803","São Pedro do Ivaí (PR)","Total","1212.00"
"4125902","São Pedro do Paraná (PR)","Total","1333.33"
"4126009","São Sebastião da Amoreira (PR)","Total","920.00"
"4126108","São Tomé (PR)","Total","1180.00"
"4126207","Sapopema (PR)","Total","808.00"
"4126256","Sarandi (PR)","Total","1212.00"
"4126272","Saudade do Iguaçu (PR)","Total","1212.00"
"4126306","Sengés (PR)","Total","1025.00"
"4126355","Serranópolis do Iguaçu (PR)","Total","1500.00"
"4126405","Sertaneja (PR)","Total","1212.00"
"4126504","Sertanópolis (PR)","Total","1333.33"
"4126603","Siqueira Campos (PR)","Total","1212.00"
"4126652","Sulina (PR)","Total","1500.00"
"4126678","Tamarana (PR)","Total","850.00"
"4126702","Tamboara (PR)","Total","1100.00"
"4126801","Tapejara (PR)","Total","1165.50"
"4126900","Tapira (PR)","Total","1200.00"
"4127007","Teixeira Soares (PR)","Total","1040.00"
"4127106","Telêmaco Borba (PR)","Total","1233.33"
"4127205","Terra Boa (PR)","Total","1212.00"
"4127304","Terra Rica (PR)","Total","1135.50"
"4127403","Terra Roxa (PR)","Total","1212.00"
"4127502","Tibagi (PR)","Total","900.00"
"4127601","Tijucas do Sul (PR)","Total","1072.67"
"4127700","Toledo (PR)","Total","1600.00"
"4127809","Tomazina (PR)","Total","1166.67"
"4127858","Três Barras do Paraná (PR)","Total","1166.67"
"4127882","Tunas do Paraná (PR)","Total","808.00"
"4127908","Tuneiras do Oeste (PR)","Total","1000.00"
"4127957","Tupãssi (PR)","Total","1212.00"
"4127965","Turvo (PR)","Total","1000.00"
"4128005","Ubiratã (PR)","Total","1226.00"
"4128104","Umuarama (PR)","Total","1333.33"
"4128203","União da Vitória (PR)","Total","1212.00"
"4128302","Uniflor (PR)","Total","1178.00"
"4128401","Uraí (PR)","Total","1212.00"
"4128500","Wenceslau Braz (PR)","Total","1071.67"
"4128534","Ventania (PR)","Total","1000.00"
"4128559","Vera Cruz do Oeste (PR)","Total","1133.75"
"4128609","Verê (PR)","Total","1240.83"
"4128625","Alto Paraíso (PR)","Total","1030.00"
"4128633","Doutor Ulysses (PR)","Total","658.33"
"4128658","Virmond (PR)","Total","1150.00"
"4128708","Vitorino (PR)","Total","1333.33"
"4128807","Xambrê (PR)","Total","1145.00"
"Fonte: IBGE - Censo Demográfico"

"Notas"
"1) Dados dos resultados preliminares da amostra, estimados a partir de áreas de ponderação preliminares."
"2) Exclusive não moradores em domicílios particulares permanentes e pessoas cuja condição no arranjo domiciliar era pensionista, empregado doméstico ou parente do empregado doméstico."
"3) A categoria Total de cor ou raça inclui os ignorados omitidos na tabela."
"4) No Censo Demográfico 2022, definiu-se como indígena a pessoa residente em localidades indígenas que se declarou indígena pelo quesito de cor ou raça ou pelo quesito se considera indígena; ou a pessoa residente fora das localidades indígenas que se declarou indígena no quesito de cor ou raça. Por essa razão, o total de pessoas indígenas é superior ou igual ao total de pessoas de cor ou raça declarada indígena, nos diferentes recortes."
"5) No Censo Demográfico 2022, foram consideradas localidades indígenas aquelas que compõem o conjunto das Terras Indígenas, dos agrupamentos indígenas e das demais áreas de conhecida ou potencial ocupação indígena. Para mais detalhes, consultar a documentação metodológica."
"6) No Censo Demográfico 2022, foram consideradas as Terras Indígenas declaradas, homologadas, regularizadas ou encaminhadas como Reservas Indígenas até 31 de julho de 2022, data de referência da pesquisa, conforme os dados da Fundação Nacional dos Povos Indígenas – FUNAI. Para mais informações, consultar a documentação metodológica."
""
"Legenda"
"Símbolo","Significado"
"-","Zero absoluto, não resultante de um cálculo ou arredondamento.
Ex: Em determinado município não existem pessoas de 14 anos de idade sem instrução."
"0","Zero resultante de um cálculo ou arredondamento.
Ex: A inflação do feijão em determinada Região Metropolitana foi 0.
Determinado município produziu 400 kg de sementes de girassol e os dados da tabela são expressos em toneladas."
"X","Valor inibido para não identificar o informante.
Ex: Determinado município só possui uma empresa produtora de cimento, logo o valor de sua produção deve ser inibido."
"..","Valor não se aplica.
Ex: Não se pode obter o total da produção agrícola em determinado município quando os produtos agrícolas são contabilizados com unidades de medida distintas."
"...","Valor não disponível.
Ex: A produção de feijão em determinado município não foi pesquisada ou determinado município não existia no ano da pesquisa."
"A a Z
(exceto X)","Significa uma faixa de valores. Varia em função da tabela (se for o caso).
Ex: O nível de precisão da produção estimada de combustíveis está na faixa A (95 a 100%)"
