codigo_ibge,nome_municipio,codigo_datasus
4100103,Abatiá,410010
4100202,Adrianópolis,410020
4100301,Agudos do Sul,410030
4100400,Almirante Tamandaré,410040
4100459,Altamira do Paraná,410045
4128625,Alto Paraíso,412862
4100608,Alto Paraná,410060
4100707,Alto Piquiri,410070
4100509,Altônia,410050
4100806,Alvorada do Sul,410080
4100905,Amaporã,410090
4101002,Ampére,410100
4101051,Anahy,410105
4101101,Andirá,410110
4101150,Ângulo,410115
4101200,Antonina,410120
4101309,Antônio Olinto,410130
4101408,Apucarana,410140
4101507,Arapongas,410150
4101606,Arapoti,410160
4101655,Arapuã,410165
4101705,Araruna,410170
4101804,Araucária,410180
4101853,Ariranha do Ivaí,410185
4101903,Assaí,410190
4102000,Assis Chateaubriand,410200
4102109,Astorga,410210
4102208,Atalaia,410220
4102307,Balsa Nova,410230
4102406,Bandeirantes,410240
4102505,Barbosa Ferraz,410250
4102703,Barra do Jacaré,410270
4102604,Barracão,410260
4102752,Bela Vista da Caroba,410275
4102802,Bela Vista do Paraíso,410280
4102901,Bituruna,410290
4103008,Boa Esperança,410300
4103024,Boa Esperança do Iguaçu,410302
4103040,Boa Ventura de São Roque,410304
4103057,Boa Vista da Aparecida,410305
4103107,Bocaiúva do Sul,410310
4103156,Bom Jesus do Sul,410315
4103206,Bom Sucesso,410320
4103222,Bom Sucesso do Sul,410322
4103305,Borrazópolis,410330
4103354,Braganey,410335
4103370,Brasilândia do Sul,410337
4103404,Cafeara,410340
4103453,Cafelândia,410345
4103479,Cafezal do Sul,410347
4103503,Califórnia,410350
4103602,Cambará,410360
4103701,Cambé,410370
4103800,Cambira,410380
4103909,Campina da Lagoa,410390
4103958,Campina do Simão,410395
4104006,Campina Grande do Sul,410400
4104055,Campo Bonito,410405
4104105,Campo do Tenente,410410
4104204,Campo Largo,410420
4104253,Campo Magro,410425
4104303,Campo Mourão,410430
4104402,Cândido de Abreu,410440
4104428,Candói,410442
4104451,Cantagalo,410445
4104501,Capanema,410450
4104600,Capitão Leônidas Marques,410460
4104659,Carambeí,410465
4104709,Carlópolis,410470
4104808,Cascavel,410480
4104907,Castro,410490
4105003,Catanduvas,410500
4105102,Centenário do Sul,410510
4105201,Cerro Azul,410520
4105300,Céu Azul,410530
4105409,Chopinzinho,410540
4105508,Cianorte,410550
4105607,Cidade Gaúcha,410560
4105706,Clevelândia,410570
4105805,Colombo,410580
4105904,Colorado,410590
4106001,Congonhinhas,410600
4106100,Conselheiro Mairinck,410610
4106209,Contenda,410620
4106308,Corbélia,410630
4106407,Cornélio Procópio,410640
4106456,Coronel Domingos Soares,410645
4106506,Coronel Vivida,410650
4106555,Corumbataí do Sul,410655
4106803,Cruz Machado,410680
4106571,Cruzeiro do Iguaçu,410657
4106605,Cruzeiro do Oeste,410660
4106704,Cruzeiro do Sul,410670
4106852,Cruzmaltina,410685
4106902,Curitiba,410690
4107009,Curiúva,410700
4107108,Diamante do Norte,410710
4107124,Diamante do Sul,410712
4107157,Diamante D'Oeste,410715
4107207,Dois Vizinhos,410720
4107256,Douradina,410725
4107306,Doutor Camargo,410730
4128633,Doutor Ulysses,412863
4107405,Enéas Marques,410740
4107504,Engenheiro Beltrão,410750
4107538,Entre Rios do Oeste,410753
4107520,Esperança Nova,410752
4107546,Espigão Alto do Iguaçu,410754
4107553,Farol,410755
4107603,Faxinal,410760
4107652,Fazenda Rio Grande,410765
4107702,Fênix,410770
4107736,Fernandes Pinheiro,410773
4107751,Figueira,410775
4107850,Flor da Serra do Sul,410785
4107801,Floraí,410780
4107900,Floresta,410790
4108007,Florestópolis,410800
4108106,Flórida,410810
4108205,Formosa do Oeste,410820
4108304,Foz do Iguaçu,410830
4108452,Foz do Jordão,410845
4108320,Francisco Alves,410832
4108403,Francisco Beltrão,410840
4108502,General Carneiro,410850
4108551,Godoy Moreira,410855
4108601,Goioerê,410860
4108650,Goioxim,410865
4108700,Grandes Rios,410870
4108809,Guaíra,410880
4108908,Guairaçá,410890
4108957,Guamiranga,410895
4109005,Guapirama,410900
4109104,Guaporema,410910
4109203,Guaraci,410920
4109302,Guaraniaçu,410930
4109401,Guarapuava,410940
4109500,Guaraqueçaba,410950
4109609,Guaratuba,410960
4109658,Honório Serpa,410965
4109708,Ibaiti,410970
4109757,Ibema,410975
4109807,Ibiporã,410980
4109906,Icaraíma,410990
4110003,Iguaraçu,411000
4110052,Iguatu,411005
4110078,Imbaú,411007
4110102,Imbituva,411010
4110201,Inácio Martins,411020
4110300,Inajá,411030
4110409,Indianópolis,411040
4110508,Ipiranga,411050
4110607,Iporã,411060
4110656,Iracema do Oeste,411065
4110706,Irati,411070
4110805,Iretama,411080
4110904,Itaguajé,411090
4110953,Itaipulândia,411095
4111001,Itambaracá,411100
4111100,Itambé,411110
4111209,Itapejara d'Oeste,411120
4111258,Itaperuçu,411125
4111308,Itaúna do Sul,411130
4111407,Ivaí,411140
4111506,Ivaiporã,411150
4111555,Ivaté,411155
4111605,Ivatuba,411160
4111704,Jaboti,411170
4111803,Jacarezinho,411180
4111902,Jaguapitã,411190
4112009,Jaguariaíva,411200
4112108,Jandaia do Sul,411210
4112207,Janiópolis,411220
4112306,Japira,411230
4112405,Japurá,411240
4112504,Jardim Alegre,411250
4112603,Jardim Olinda,411260
4112702,Jataizinho,411270
4112751,Jesuítas,411275
4112801,Joaquim Távora,411280
4112900,Jundiaí do Sul,411290
4112959,Juranda,411295
4113007,Jussara,411300
4113106,Kaloré,411310
4113205,Lapa,411320
4113254,Laranjal,411325
4113304,Laranjeiras do Sul,411330
4113403,Leópolis,411340
4113429,Lidianópolis,411342
4113452,Lindoeste,411345
4113502,Loanda,411350
4113601,Lobato,411360
4113700,Londrina,411370
4113734,Luiziana,411373
4113759,Lunardelli,411375
4113809,Lupionópolis,411380
4113908,Mallet,411390
4114005,Mamborê,411400
4114104,Mandaguaçu,411410
4114203,Mandaguari,411420
4114302,Mandirituba,411430
4114351,Manfrinópolis,411435
4114401,Mangueirinha,411440
4114500,Manoel Ribas,411450
4114609,Marechal Cândido Rondon,411460
4114708,Maria Helena,411470
4114807,Marialva,411480
4114906,Marilândia do Sul,411490
4115002,Marilena,411500
4115101,Mariluz,411510
4115200,Maringá,411520
4115309,Mariópolis,411530
4115358,Maripá,411535
4115408,Marmeleiro,411540
4115457,Marquinho,411545
4115507,Marumbi,411550
4115606,Matelândia,411560
4115705,Matinhos,411570
4115739,Mato Rico,411573
4115754,Mauá da Serra,411575
4115804,Medianeira,411580
4115853,Mercedes,411585
4115903,Mirador,411590
4116000,Miraselva,411600
4116059,Missal,411605
4116109,Moreira Sales,411610
4116208,Morretes,411620
4116307,Munhoz de Melo,411630
4116406,Nossa Senhora das Graças,411640
4116505,Nova Aliança do Ivaí,411650
4116604,Nova América da Colina,411660
4116703,Nova Aurora,411670
4116802,Nova Cantu,411680
4116901,Nova Esperança,411690
4116950,Nova Esperança do Sudoeste,411695
4117008,Nova Fátima,411700
4117057,Nova Laranjeiras,411705
4117107,Nova Londrina,411710
4117206,Nova Olímpia,411720
4117255,Nova Prata do Iguaçu,411725
4117214,Nova Santa Bárbara,411721
4117222,Nova Santa Rosa,411722
4117271,Nova Tebas,411727
4117297,Novo Itacolomi,411729
4117305,Ortigueira,411730
4117404,Ourizona,411740
4117453,Ouro Verde do Oeste,411745
4117503,Paiçandu,411750
4117602,Palmas,411760
4117701,Palmeira,411770
4117800,Palmital,411780
4117909,Palotina,411790
4118006,Paraíso do Norte,411800
4118105,Paranacity,411810
4118204,Paranaguá,411820
4118303,Paranapoema,411830
4118402,Paranavaí,411840
4118451,Pato Bragado,411845
4118501,Pato Branco,411850
4118600,Paula Freitas,411860
4118709,Paulo Frontin,411870
4118808,Peabiru,411880
4118857,Perobal,411885
4118907,Pérola,411890
4119004,Pérola d'Oeste,411900
4119103,Piên,411910
4119152,Pinhais,411915
4119251,Pinhal de São Bento,411925
4119202,Pinhalão,411920
4119301,Pinhão,411930
4119400,Piraí do Sul,411940
4119509,Piraquara,411950
4119608,Pitanga,411960
4119657,Pitangueiras,411965
4119707,Planaltina do Paraná,411970
4119806,Planalto,411980
4119905,Ponta Grossa,411990
4119954,Pontal do Paraná,411995
4120002,Porecatu,412000
4120101,Porto Amazonas,412010
4120150,Porto Barreiro,412015
4120200,Porto Rico,412020
4120309,Porto Vitória,412030
4120333,Prado Ferreira,412033
4120358,Pranchita,412035
4120408,Presidente Castelo Branco,412040
4120507,Primeiro de Maio,412050
4120606,Prudentópolis,412060
4120655,Quarto Centenário,412065
4120705,Quatiguá,412070
4120804,Quatro Barras,412080
4120853,Quatro Pontes,412085
4120903,Quedas do Iguaçu,412090
4121000,Querência do Norte,412100
4121109,Quinta do Sol,412110
4121208,Quitandinha,412120
4121257,Ramilândia,412125
4121307,Rancho Alegre,412130
4121356,Rancho Alegre D'Oeste,412135
4121406,Realeza,412140
4121505,Rebouças,412150
4121604,Renascença,412160
4121703,Reserva,412170
4121752,Reserva do Iguaçu,412175
4121802,Ribeirão Claro,412180
4121901,Ribeirão do Pinhal,412190
4122008,Rio Azul,412200
4122107,Rio Bom,412210
4122156,Rio Bonito do Iguaçu,412215
4122172,Rio Branco do Ivaí,412217
4122206,Rio Branco do Sul,412220
4122305,Rio Negro,412230
4122404,Rolândia,412240
4122503,Roncador,412250
4122602,Rondon,412260
4122651,Rosário do Ivaí,412265
4122701,Sabáudia,412270
4122800,Salgado Filho,412280
4122909,Salto do Itararé,412290
4123006,Salto do Lontra,412300
4123105,Santa Amélia,412310
4123204,Santa Cecília do Pavão,412320
4123303,Santa Cruz de Monte Castelo,412330
4123402,Santa Fé,412340
4123501,Santa Helena,412350
4123600,Santa Inês,412360
4123709,Santa Isabel do Ivaí,412370
4123808,Santa Izabel do Oeste,412380
4123824,Santa Lúcia,412382
4123857,Santa Maria do Oeste,412385
4123907,Santa Mariana,412390
4123956,Santa Mônica,412395
4124020,Santa Tereza do Oeste,412402
4124053,Santa Terezinha de Itaipu,412405
4124004,Santana do Itararé,412400
4124103,Santo Antônio da Platina,412410
4124202,Santo Antônio do Caiuá,412420
4124301,Santo Antônio do Paraíso,412430
4124400,Santo Antônio do Sudoeste,412440
4124509,Santo Inácio,412450
4124608,São Carlos do Ivaí,412460
4124707,São Jerônimo da Serra,412470
4124806,São João,412480
4124905,São João do Caiuá,412490
4125001,São João do Ivaí,412500
4125100,São João do Triunfo,412510
4125308,São Jorge do Ivaí,412530
4125357,São Jorge do Patrocínio,412535
4125209,São Jorge d'Oeste,412520
4125407,São José da Boa Vista,412540
4125456,São José das Palmeiras,412545
4125506,São José dos Pinhais,412550
4125555,São Manoel do Paraná,412555
4125605,São Mateus do Sul,412560
4125704,São Miguel do Iguaçu,412570
4125753,São Pedro do Iguaçu,412575
4125803,São Pedro do Ivaí,412580
4125902,São Pedro do Paraná,412590
4126009,São Sebastião da Amoreira,412600
4126108,São Tomé,412610
4126207,Sapopema,412620
4126256,Sarandi,412625
4126272,Saudade do Iguaçu,412627
4126306,Sengés,412630
4126355,Serranópolis do Iguaçu,412635
4126405,Sertaneja,412640
4126504,Sertanópolis,412650
4126603,Siqueira Campos,412660
4126652,Sulina,412665
4126678,Tamarana,412667
4126702,Tamboara,412670
4126801,Tapejara,412680
4126900,Tapira,412690
4127007,Teixeira Soares,412700
4127106,Telêmaco Borba,412710
4127205,Terra Boa,412720
4127304,Terra Rica,412730
4127403,Terra Roxa,412740
4127502,Tibagi,412750
4127601,Tijucas do Sul,412760
4127700,Toledo,412770
4127809,Tomazina,412780
4127858,Três Barras do Paraná,412785
4127882,Tunas do Paraná,412788
4127908,Tuneiras do Oeste,412790
4127957,Tupãssi,412795
4127965,Turvo,412796
4128005,Ubiratã,412800
4128104,Umuarama,412810
4128203,União da Vitória,412820
4128302,Uniflor,412830
4128401,Uraí,412840
4128534,Ventania,412853
4128559,Vera Cruz do Oeste,412855
4128609,Verê,412860
4128658,Virmond,412865
4128708,Vitorino,412870
4128500,Wenceslau Braz,412850
4128807,Xambrê,412880
